ilpn,ilpn_status,ASN,PO,SKU,qty,length,hieght,width,Current_location,ASN_status
6.7702E+13,In transit,120045257,4038130,354838,40,0,0,0,Unknown,Receiving started
6.7702E+13,In transit,120045258,4038133,354851,62,0,0,0,Unknown,Receiving started
6.7702E+13,In transit,120045258,4038133,354850,6,0,0,0,Unknown,Receiving started
6.7702E+13,In transit,120045257,4038129,354830,54,0,0,0,Unknown,Receiving started
6.7702E+13,Not received but shipment verified,120045259,4038140,354866,67,8.1,4.2,5.9,Unknown,Receiving Verified
6.7702E+13,Not received but shipment verified,120045259,4038140,354866,17,5.2,2.3,3.2,Unknown,Receiving Verified
6.7702E+13,In transit,120045257,4038131,354839,64,0,0,0,Unknown,Receiving started
6.7702E+13,In transit,120045297,5038155,324101,23,0,0,0,Unknown,Receiving started
6.7702E+13,In transit,120045257,4038130,354838,42,0,0,0,Unknown,Receiving started
6.7702E+13,Not received but shipment verified,120045259,4038137,354860,2,5.2,2.3,3.2,Unknown,Receiving Verified
6.7702E+13,In transit,120045257,4038129,354830,59,0,0,0,Unknown,Receiving started
6.7702E+13,In transit,120045258,4038134,354853,54,0,0,0,Unknown,Receiving started
6.7702E+13,Not received but shipment verified,120045270,5038140,354868,42,8.1,4.2,5.9,Unknown,Receiving Verified
6.7702E+13,In transit,120045258,4038134,354852,64,0,0,0,Unknown,Receiving started
6.7702E+13,In transit,120045297,5038155,324104,95,0,0,0,Unknown,Receiving started
6.7702E+13,In transit,120045257,4038131,354839,90,0,0,0,Unknown,Receiving started
6.7702E+13,In transit,120045258,4038135,354855,74,0,0,0,Unknown,Receiving started
6.7702E+13,In transit,120045258,4038133,354849,75,0,0,0,Unknown,Receiving started
6.7702E+13,In transit,120045257,4038130,354838,26,0,0,0,Unknown,Receiving started
6.7702E+13,In transit,120045257,4038132,354843,12,0,0,0,Unknown,Receiving started
6.7702E+13,Not received but shipment verified,120045270,5038140,354868,82,9.6,5.4,7.6,Unknown,Receiving Verified
6.7702E+13,Not received but shipment verified,120045259,4038137,354860,17,5.2,2.3,3.2,Unknown,Receiving Verified
6.7702E+13,In transit,120045257,4038130,354835,82,0,0,0,Unknown,Receiving started
6.7702E+13,In transit,120045257,4038131,354840,62,0,0,0,Unknown,Receiving started
6.7702E+13,In transit,120045257,4038132,354845,42,0,0,0,Unknown,Receiving started
6.7702E+13,Not received but shipment verified,120045259,4038137,354859,24,7.6,3.4,5.3,Unknown,Receiving Verified
6.77021E+13,In transit,120045258,4038133,354849,29,0,0,0,Unknown,Receiving started
6.77021E+13,In transit,120045257,4038132,354847,41,0,0,0,Unknown,Receiving started
6.77021E+13,In transit,120045396,5038167,324135,84,0,0,0,Unknown,Receiving started
6.77021E+13,In transit,120045257,4038129,354830,50,0,0,0,Unknown,Receiving started
6.77021E+13,In transit,120045257,4038130,354838,98,0,0,0,Unknown,Receiving started
6.77021E+13,In transit,120045257,4038130,354838,49,0,0,0,Unknown,Receiving started
6.77021E+13,In transit,120045257,4038130,354837,17,0,0,0,Unknown,Receiving started
6.77021E+13,Not received but shipment verified,120045259,4038140,354865,37,7.6,3.4,5.3,Unknown,Receiving Verified
6.77021E+13,In transit,120045291,5038175,324158,70,0,0,0,Unknown,Receiving started
6.77021E+13,Not received but shipment verified,120045395,5038177,324165,95,9.6,5.4,7.6,Unknown,Receiving Verified
6.77021E+13,In transit,120045257,4038131,354840,63,0,0,0,Unknown,Receiving started
6.77021E+13,In transit,120045257,4038131,354839,98,0,0,0,Unknown,Receiving started
6.77021E+13,In transit,120045257,4038130,354838,25,0,0,0,Unknown,Receiving started
6.77021E+13,In transit,120045258,4038133,354850,3,0,0,0,Unknown,Receiving started
6.77021E+13,In transit,120045258,4038133,354850,73,0,0,0,Unknown,Receiving started
6.77021E+13,In transit,120045291,5038175,324160,67,0,0,0,Unknown,Receiving started
6.77021E+13,Not received but shipment verified,120045259,4038138,354862,78,9.6,5.4,7.6,Unknown,Receiving Verified
6.77021E+13,In transit,120045258,4038133,354849,79,0,0,0,Unknown,Receiving started
6.77021E+13,In transit,120045257,4038132,354845,49,0,0,0,Unknown,Receiving started
6.77021E+13,Not received but shipment verified,120045270,5038140,354867,14,5.2,2.3,3.2,Unknown,Receiving Verified
6.77021E+13,In transit,120045257,4038129,354833,52,0,0,0,Unknown,Receiving started
6.77021E+13,In transit,120045258,4038135,354855,31,0,0,0,Unknown,Receiving started
6.77021E+13,Not received but shipment verified,120045259,4038137,354860,36,7.6,3.4,5.3,Unknown,Receiving Verified
6.77021E+13,In transit,120045257,4038130,354837,84,0,0,0,Unknown,Receiving started
6.77021E+13,In transit,120045257,4038129,354833,96,0,0,0,Unknown,Receiving started
6.77021E+13,In transit,120045258,4038134,354853,84,0,0,0,Unknown,Receiving started
6.77021E+13,In transit,120045296,5038154,354898,60,0,0,0,Unknown,Receiving started
6.77021E+13,In transit,120045257,4038131,354840,32,0,0,0,Unknown,Receiving started
6.77021E+13,Not received but shipment verified,120045259,4038137,354860,94,9.6,5.4,7.6,Unknown,Receiving Verified
6.77021E+13,In transit,120045257,4038129,354834,74,0,0,0,Unknown,Receiving started
6.77021E+13,Not received but shipment verified,120045270,5038140,354867,96,9.6,5.4,7.6,Unknown,Receiving Verified
6.77021E+13,In transit,120045258,4038133,354851,38,0,0,0,Unknown,Receiving started
6.77021E+13,Not received but shipment verified,120045270,5038140,354868,93,9.6,5.4,7.6,Unknown,Receiving Verified
6.77021E+13,In transit,120045257,4038131,354839,71,0,0,0,Unknown,Receiving started
6.77021E+13,In transit,120045257,4038132,354847,16,0,0,0,Unknown,Receiving started
6.77021E+13,In transit,120045257,4038129,354834,66,0,0,0,Unknown,Receiving started
6.77021E+13,In transit,120045258,4038134,354853,75,0,0,0,Unknown,Receiving started
6.77021E+13,In transit,120045257,4038131,354840,18,0,0,0,Unknown,Receiving started
6.77021E+13,Not received but shipment verified,120045259,4038140,354865,30,7.6,3.4,5.3,Unknown,Receiving Verified
6.77021E+13,In transit,120045258,4038135,354855,74,0,0,0,Unknown,Receiving started
6.77021E+13,In transit,120045257,4038132,354843,46,0,0,0,Unknown,Receiving started
6.77021E+13,In transit,120045257,4038129,354830,91,0,0,0,Unknown,Receiving started
6.77021E+13,In transit,120045257,4038131,354840,7,0,0,0,Unknown,Receiving started
6.77021E+13,In transit,120045257,4038129,354833,90,0,0,0,Unknown,Receiving started
6.77021E+13,In transit,120045257,4038132,354847,4,0,0,0,Unknown,Receiving started
6.77021E+13,In transit,120045257,4038129,354830,73,0,0,0,Unknown,Receiving started
6.77021E+13,In transit,120045257,4038132,354843,82,0,0,0,Unknown,Receiving started
6.77021E+13,In transit,120045258,4038133,354851,6,0,0,0,Unknown,Receiving started
6.77021E+13,In transit,120045257,4038129,354832,64,0,0,0,Unknown,Receiving started
6.77021E+13,In transit,120045257,4038131,354839,33,0,0,0,Unknown,Receiving started
6.77021E+13,In transit,120045257,4038132,354846,47,0,0,0,Unknown,Receiving started
6.77021E+13,Not received but shipment verified,120045296,5038154,354898,88,9.6,5.4,7.6,Unknown,Receiving Verified
6.77021E+13,In transit,120045258,4038135,354855,38,0,0,0,Unknown,Receiving started
6.77021E+13,In transit,120045257,4038131,354839,73,0,0,0,Unknown,Receiving started
6.77021E+13,In transit,120045295,5038163,324127,53,0,0,0,Unknown,Receiving started
6.77021E+13,In transit,120045257,4038132,354846,37,0,0,0,Unknown,Receiving started
6.77021E+13,In transit,120045257,4038130,354836,75,0,0,0,Unknown,Receiving started
6.77021E+13,In transit,120045258,4038133,354849,56,0,0,0,Unknown,Receiving started
6.77021E+13,In transit,120045257,4038131,354841,28,0,0,0,Unknown,Receiving started
6.77021E+13,In transit,120045257,4038132,354845,47,0,0,0,Unknown,Receiving started
6.77021E+13,Not received but shipment verified,120045259,4038137,354860,25,7.6,3.4,5.3,Unknown,Receiving Verified
6.77021E+13,Not received but shipment verified,120045259,4038138,354862,12,5.2,2.3,3.2,Unknown,Receiving Verified
6.77021E+13,In transit,120045296,5038154,354898,82,0,0,0,Unknown,Receiving started
6.77021E+13,Not received but shipment verified,120045270,5038140,354867,57,8.1,4.2,5.9,Unknown,Receiving Verified
6.77021E+13,In transit,120045296,5038154,354100,88,0,0,0,Unknown,Receiving started
6.77021E+13,Not received but shipment verified,120045259,4038137,354860,5,5.2,2.3,3.2,Unknown,Receiving Verified
6.77021E+13,Not received but shipment verified,120045259,4038139,354864,24,7.6,3.4,5.3,Unknown,Receiving Verified
6.77021E+13,In transit,120045258,4038133,354848,74,0,0,0,Unknown,Receiving started
6.77021E+13,Not received but shipment verified,120045395,5038177,324165,99,9.6,5.4,7.6,Unknown,Receiving Verified
6.77021E+13,In transit,120045257,4038129,354831,86,0,0,0,Unknown,Receiving started
6.77021E+13,In transit,120045258,4038133,354851,89,0,0,0,Unknown,Receiving started
6.77021E+13,Not received but shipment verified,120045392,5038173,324152,17,5.2,2.3,3.2,Unknown,Receiving Verified
6.77021E+13,In transit,120045258,4038135,354854,4,0,0,0,Unknown,Receiving started
6.77021E+13,In transit,120045257,4038132,354844,99,0,0,0,Unknown,Receiving started
6.77021E+13,In transit,120045258,4038133,354848,55,0,0,0,Unknown,Receiving started
6.77022E+13,In transit,120045257,4038131,354839,15,0,0,0,Unknown,Receiving started
6.77022E+13,In transit,120045257,4038129,354831,61,0,0,0,Unknown,Receiving started
6.77022E+13,In transit,120045258,4038133,354850,28,0,0,0,Unknown,Receiving started
6.77022E+13,Not received but shipment verified,120045291,5038175,324159,44,8.1,4.2,5.9,Unknown,Receiving Verified
6.77022E+13,In transit,120045257,4038132,354843,6,0,0,0,Unknown,Receiving started
6.77022E+13,In transit,120045257,4038129,354833,62,0,0,0,Unknown,Receiving started
6.77022E+13,In transit,120045257,4038130,354836,6,0,0,0,Unknown,Receiving started
6.77022E+13,Not received but shipment verified,120045259,4038137,354860,3,5.2,2.3,3.2,Unknown,Receiving Verified
6.77022E+13,In transit,120045257,4038129,354831,3,0,0,0,Unknown,Receiving started
6.77022E+13,In transit,120045258,4038135,354855,5,0,0,0,Unknown,Receiving started
6.77022E+13,In transit,120045297,5038155,324101,82,0,0,0,Unknown,Receiving started
6.77022E+13,Not received but shipment verified,120045259,4038140,354866,26,7.6,3.4,5.3,Unknown,Receiving Verified
6.77022E+13,Not received but shipment verified,120045259,4038137,354860,65,8.1,4.2,5.9,Unknown,Receiving Verified
6.77022E+13,In transit,120045257,4038130,354837,80,0,0,0,Unknown,Receiving started
6.77022E+13,Not received but shipment verified,120045259,4038138,354861,80,9.6,5.4,7.6,Unknown,Receiving Verified
6.77022E+13,In transit,120045258,4038133,354848,55,0,0,0,Unknown,Receiving started
6.77022E+13,Not received but shipment verified,120045259,4038140,354865,0,5.2,2.3,3.2,Unknown,Receiving Verified
6.77022E+13,In transit,120045258,4038133,354851,39,0,0,0,Unknown,Receiving started
6.77022E+13,In transit,120045257,4038129,354834,58,0,0,0,Unknown,Receiving started
6.77022E+13,In transit,120045296,5038154,354100,56,0,0,0,Unknown,Receiving started
6.77022E+13,In transit,120045294,5038162,324124,39,0,0,0,Unknown,Receiving started
6.77022E+13,Not received but shipment verified,120045259,4038137,354859,10,5.2,2.3,3.2,Unknown,Receiving Verified
6.77022E+13,In transit,120045257,4038131,354841,25,0,0,0,Unknown,Receiving started
6.77022E+13,In transit,120045257,4038129,354831,61,0,0,0,Unknown,Receiving started
6.77022E+13,Not received but shipment verified,120045259,4038140,354866,55,8.1,4.2,5.9,Unknown,Receiving Verified
6.77022E+13,In transit,120045257,4038132,354844,58,0,0,0,Unknown,Receiving started
6.77022E+13,In transit,120045297,5038155,324103,60,0,0,0,Unknown,Receiving started
6.77022E+13,Not received but shipment verified,120045259,4038140,354866,1,5.2,2.3,3.2,Unknown,Receiving Verified
6.77022E+13,In transit,120045258,4038133,354850,50,0,0,0,Unknown,Receiving started
6.77022E+13,In transit,120045257,4038132,354846,71,0,0,0,Unknown,Receiving started
6.77022E+13,In transit,120045257,4038131,354840,18,0,0,0,Unknown,Receiving started
6.77022E+13,Not received but shipment verified,120045259,4038139,354863,72,9.6,5.4,7.6,Unknown,Receiving Verified
6.77022E+13,In transit,120045257,4038129,354834,35,0,0,0,Unknown,Receiving started
6.77022E+13,In transit,120045257,4038129,354831,42,0,0,0,Unknown,Receiving started
6.77022E+13,In transit,120045258,4038133,354848,95,0,0,0,Unknown,Receiving started
6.77022E+13,In transit,120045257,4038130,354838,77,0,0,0,Unknown,Receiving started
6.77022E+13,In transit,120045257,4038130,354837,3,0,0,0,Unknown,Receiving started
6.77022E+13,In transit,120045258,4038134,354853,60,0,0,0,Unknown,Receiving started
6.77022E+13,In transit,120045257,4038129,354833,51,0,0,0,Unknown,Receiving started
6.77022E+13,In transit,120045257,4038132,354843,9,0,0,0,Unknown,Receiving started
6.77022E+13,Not received but shipment verified,120045270,5038140,354868,15,5.2,2.3,3.2,Unknown,Receiving Verified
6.77022E+13,In transit,120045257,4038129,354830,92,0,0,0,Unknown,Receiving started
6.77022E+13,Not received but shipment verified,120045270,5038140,354867,14,5.2,2.3,3.2,Unknown,Receiving Verified
6.77022E+13,In transit,120045257,4038129,354832,74,0,0,0,Unknown,Receiving started
6.77022E+13,In transit,120045258,4038134,354852,4,0,0,0,Unknown,Receiving started
6.77022E+13,In transit,120045258,4038134,354852,27,0,0,0,Unknown,Receiving started
6.77022E+13,In transit,120045257,4038129,354830,73,0,0,0,Unknown,Receiving started
6.77022E+13,In transit,120045257,4038131,354839,40,0,0,0,Unknown,Receiving started
6.77022E+13,In transit,120045258,4038133,354848,69,0,0,0,Unknown,Receiving started
6.77022E+13,In transit,120045257,4038131,354840,93,0,0,0,Unknown,Receiving started
6.77022E+13,In transit,120045258,4038135,354854,89,0,0,0,Unknown,Receiving started
6.77022E+13,In transit,120045257,4038132,354844,53,0,0,0,Unknown,Receiving started
6.77022E+13,In transit,120045257,4038129,354833,21,0,0,0,Unknown,Receiving started
6.77022E+13,In transit,120045257,4038132,354845,27,0,0,0,Unknown,Receiving started
6.77022E+13,In transit,120045296,5038154,354898,79,0,0,0,Unknown,Receiving started
6.77022E+13,In transit,120045291,5038175,324160,79,0,0,0,Unknown,Receiving started
6.77022E+13,In transit,120045257,4038131,354842,33,0,0,0,Unknown,Receiving started
6.77022E+13,In transit,120045297,5038155,324101,20,0,0,0,Unknown,Receiving started
6.77022E+13,Not received but shipment verified,120045397,5038166,324133,25,7.6,3.4,5.3,Unknown,Receiving Verified
6.77022E+13,In transit,120045257,4038130,354838,5,0,0,0,Unknown,Receiving started
6.77022E+13,In transit,120045258,4038134,354853,64,0,0,0,Unknown,Receiving started
6.77022E+13,In transit,120045257,4038131,354841,46,0,0,0,Unknown,Receiving started
6.77022E+13,Not received but shipment verified,120045259,4038137,354859,76,9.6,5.4,7.6,Unknown,Receiving Verified
6.77022E+13,In transit,120045257,4038130,354838,14,0,0,0,Unknown,Receiving started
6.77022E+13,Not received but shipment verified,120045259,4038139,354863,18,5.2,2.3,3.2,Unknown,Receiving Verified
6.77022E+13,In transit,120045258,4038134,354853,7,0,0,0,Unknown,Receiving started
6.77022E+13,In transit,120045291,5038175,324160,16,0,0,0,Unknown,Receiving started
6.77022E+13,In transit,120045257,4038130,354835,84,0,0,0,Unknown,Receiving started
6.77022E+13,In transit,120045258,4038133,354848,72,0,0,0,Unknown,Receiving started
6.77022E+13,In transit,120045257,4038129,354830,67,0,0,0,Unknown,Receiving started
6.77022E+13,In transit,120045297,5038155,324103,35,0,0,0,Unknown,Receiving started
6.77022E+13,In transit,120045397,5038166,324134,83,0,0,0,Unknown,Receiving started
6.77022E+13,In transit,120045257,4038130,354837,59,0,0,0,Unknown,Receiving started
6.77022E+13,Not received but shipment verified,120045259,4038140,354865,86,9.6,5.4,7.6,Unknown,Receiving Verified
6.77022E+13,Not received but shipment verified,120045270,5038140,354867,73,9.6,5.4,7.6,Unknown,Receiving Verified
6.77023E+13,Not received but shipment verified,120045270,5038140,354867,54,8.1,4.2,5.9,Unknown,Receiving Verified
6.77023E+13,Not received but shipment verified,120045259,4038137,354859,18,5.2,2.3,3.2,Unknown,Receiving Verified
6.77023E+13,Not received but shipment verified,120045259,4038137,354860,33,7.6,3.4,5.3,Unknown,Receiving Verified
6.77023E+13,Not received but shipment verified,120045259,4038140,354866,76,9.6,5.4,7.6,Unknown,Receiving Verified
6.77023E+13,Not received but shipment verified,120045296,5038154,354899,0,5.2,2.3,3.2,Unknown,Receiving Verified
6.77023E+13,Not received but shipment verified,120045259,4038137,354860,58,8.1,4.2,5.9,Unknown,Receiving Verified
6.77023E+13,In transit,120045257,4038129,354831,27,0,0,0,Unknown,Receiving started
6.77023E+13,Not received but shipment verified,120045259,4038137,354860,8,5.2,2.3,3.2,Unknown,Receiving Verified
6.77023E+13,In transit,120045258,4038135,354854,75,0,0,0,Unknown,Receiving started
6.77023E+13,In transit,120045257,4038129,354832,43,0,0,0,Unknown,Receiving started
6.77023E+13,In transit,120045258,4038134,354852,73,0,0,0,Unknown,Receiving started
6.77023E+13,In transit,120045257,4038131,354842,73,0,0,0,Unknown,Receiving started
6.77023E+13,In transit,120045257,4038131,354840,87,0,0,0,Unknown,Receiving started
6.77023E+13,Not received but shipment verified,120045259,4038140,354866,95,9.6,5.4,7.6,Unknown,Receiving Verified
6.77023E+13,Not received but shipment verified,120045259,4038138,354862,11,5.2,2.3,3.2,Unknown,Receiving Verified
6.77023E+13,In transit,120045257,4038129,354831,49,0,0,0,Unknown,Receiving started
6.77023E+13,In transit,120045294,5038162,324126,91,0,0,0,Unknown,Receiving started
6.77023E+13,In transit,120045257,4038132,354844,3,0,0,0,Unknown,Receiving started
6.77023E+13,In transit,120045297,5038155,324104,45,0,0,0,Unknown,Receiving started
6.77023E+13,In transit,120045257,4038132,354845,88,0,0,0,Unknown,Receiving started
6.77023E+13,In transit,120045258,4038134,354853,55,0,0,0,Unknown,Receiving started
6.77023E+13,In transit,120045291,5038175,324161,54,0,0,0,Unknown,Receiving started
6.77023E+13,In transit,120045258,4038134,354852,82,0,0,0,Unknown,Receiving started
6.77023E+13,In transit,120045257,4038132,354844,69,0,0,0,Unknown,Receiving started
6.77023E+13,In transit,120045257,4038132,354846,19,0,0,0,Unknown,Receiving started
6.77023E+13,In transit,120045258,4038133,354849,50,0,0,0,Unknown,Receiving started
6.77023E+13,In transit,120045257,4038129,354830,23,0,0,0,Unknown,Receiving started
6.77023E+13,In transit,120045258,4038133,354851,35,0,0,0,Unknown,Receiving started
6.77023E+13,In transit,120045257,4038130,354838,27,0,0,0,Unknown,Receiving started
6.77023E+13,In transit,120045257,4038130,354835,61,0,0,0,Unknown,Receiving started
6.77023E+13,In transit,120045258,4038133,354848,32,0,0,0,Unknown,Receiving started
6.77023E+13,In transit,120045257,4038132,354843,54,0,0,0,Unknown,Receiving started
6.77023E+13,In transit,120045257,4038129,354830,84,0,0,0,Unknown,Receiving started
6.77023E+13,In transit,120045257,4038129,354833,65,0,0,0,Unknown,Receiving started
6.77023E+13,In transit,120045257,4038130,354836,41,0,0,0,Unknown,Receiving started
6.77023E+13,In transit,120045258,4038133,354849,80,0,0,0,Unknown,Receiving started
6.77023E+13,In transit,120045257,4038132,354847,11,0,0,0,Unknown,Receiving started
6.77023E+13,In transit,120045257,4038132,354846,96,0,0,0,Unknown,Receiving started
6.77023E+13,In transit,120045257,4038131,354839,35,7.6,3.4,5.3,Unknown,Receiving started
6.77023E+13,In transit,120045257,4038129,354832,60,8.1,4.2,5.9,Unknown,Receiving started
6.77023E+13,In transit,120045257,4038129,354831,98,9.6,5.4,7.6,Unknown,Receiving started
6.77023E+13,In transit,120045257,4038132,354846,73,9.6,5.4,7.6,Unknown,Receiving started
6.77023E+13,In transit,120045257,4038132,354843,18,5.2,2.3,3.2,Unknown,Receiving started
6.77023E+13,In transit,120045392,5038173,324151,6,5.2,2.3,3.2,Unknown,Receiving started
6.77023E+13,In transit,120045257,4038132,354845,82,9.6,5.4,7.6,Unknown,Receiving started
6.77023E+13,In transit,120045257,4038129,354831,7,5.2,2.3,3.2,Unknown,Receiving started
6.77023E+13,In transit,120045257,4038129,354834,31,7.6,3.4,5.3,Unknown,Receiving started
6.77023E+13,In transit,120045257,4038132,354847,91,9.6,5.4,7.6,Unknown,Receiving started
6.77023E+13,In transit,120045258,4038133,354851,33,7.6,3.4,5.3,Unknown,Receiving started
6.77023E+13,In transit,120045257,4038132,354845,92,9.6,5.4,7.6,Unknown,Receiving started
6.77023E+13,In transit,120045257,4038132,354843,67,8.1,4.2,5.9,Unknown,Receiving started
6.77023E+13,In transit,120045257,4038132,354847,45,8.1,4.2,5.9,Unknown,Receiving started
6.77023E+13,In transit,120045257,4038130,354835,69,8.1,4.2,5.9,Unknown,Receiving started
6.77023E+13,In transit,120045257,4038132,354843,72,9.6,5.4,7.6,Unknown,Receiving started
6.77023E+13,In transit,120045258,4038135,354855,31,7.6,3.4,5.3,Unknown,Receiving started
6.77023E+13,In transit,120045258,4038133,354851,60,8.1,4.2,5.9,Unknown,Receiving started
6.77023E+13,In transit,120045258,4038133,354851,81,9.6,5.4,7.6,Unknown,Receiving started
6.77023E+13,In transit,120045257,4038132,354845,87,9.6,5.4,7.6,Unknown,Receiving started
6.77023E+13,In transit,120045257,4038130,354837,85,9.6,5.4,7.6,Unknown,Receiving started
6.77023E+13,In transit,120045256,4038127,354825,91,9.6,5.4,7.6,Unknown,Receiving started
6.77023E+13,In transit,120045256,4038128,354828,25,7.6,3.4,5.3,Unknown,Receiving started
6.77023E+13,In transit,120045257,4038132,354843,82,9.6,5.4,7.6,Unknown,Receiving started
6.77023E+13,In transit,120045257,4038131,354839,19,5.2,2.3,3.2,Unknown,Receiving started
6.77024E+13,In transit,120045257,4038130,354836,91,9.6,5.4,7.6,Unknown,Receiving started
6.77024E+13,In transit,120045256,4038128,354857,26,7.6,3.4,5.3,Unknown,Receiving started
6.77024E+13,In transit,120045396,5038167,324136,45,8.1,4.2,5.9,Unknown,Receiving started
6.77024E+13,In transit,120045256,4038126,354821,95,9.6,5.4,7.6,Unknown,Receiving started
6.77024E+13,In transit,120045256,4038125,354816,88,9.6,5.4,7.6,Unknown,Receiving started
6.77024E+13,In transit,120045295,5038163,324128,0,5.2,2.3,3.2,Unknown,Receiving started
6.77024E+13,In transit,120045256,4038128,354857,14,5.2,2.3,3.2,Unknown,Receiving started
6.77024E+13,In transit,120045257,4038129,354834,7,5.2,2.3,3.2,Unknown,Receiving started
6.77024E+13,In transit,120045257,4038131,354839,24,7.6,3.4,5.3,Unknown,Receiving started
6.77024E+13,In transit,120045257,4038132,354844,41,8.1,4.2,5.9,Unknown,Receiving started
6.77024E+13,In transit,120045258,4038133,354851,85,9.6,5.4,7.6,Unknown,Receiving started
6.77024E+13,In transit,120045257,4038132,354845,43,8.1,4.2,5.9,Unknown,Receiving started
6.77024E+13,In transit,120045258,4038134,354852,34,7.6,3.4,5.3,Unknown,Receiving started
6.77024E+13,In transit,120045257,4038129,354833,67,8.1,4.2,5.9,Unknown,Receiving started
6.77024E+13,In transit,120045258,4038133,354848,73,9.6,5.4,7.6,Unknown,Receiving started
6.77024E+13,In transit,120045258,4038134,354853,89,9.6,5.4,7.6,Unknown,Receiving started
6.77024E+13,In transit,120045258,4038134,354852,16,5.2,2.3,3.2,Unknown,Receiving started
6.77024E+13,In transit,120045258,4038133,354848,25,7.6,3.4,5.3,Unknown,Receiving started
6.77024E+13,In transit,120045257,4038130,354837,25,7.6,3.4,5.3,Unknown,Receiving started
6.77024E+13,In transit,120045258,4038134,354852,77,9.6,5.4,7.6,Unknown,Receiving started
6.77024E+13,In transit,120045257,4038130,354837,63,8.1,4.2,5.9,Unknown,Receiving started
6.77024E+13,In transit,120045257,4038129,354833,18,5.2,2.3,3.2,Unknown,Receiving started
6.77024E+13,In transit,120045258,4038133,354849,77,9.6,5.4,7.6,Unknown,Receiving started
6.77024E+13,In transit,120045257,4038132,354845,98,9.6,5.4,7.6,Unknown,Receiving started
6.77024E+13,In transit,120045257,4038131,354839,66,8.1,4.2,5.9,Unknown,Receiving started
6.77024E+13,In transit,120045257,4038130,354835,60,8.1,4.2,5.9,Unknown,Receiving started
6.77024E+13,In transit,120045257,4038129,354832,76,9.6,5.4,7.6,Unknown,Receiving started
6.77024E+13,In transit,120045258,4038134,354853,47,8.1,4.2,5.9,Unknown,Receiving started
6.77024E+13,In transit,120045257,4038129,354830,2,5.2,2.3,3.2,Unknown,Receiving started
6.77024E+13,In transit,120045257,4038131,354842,6,5.2,2.3,3.2,Unknown,Receiving started
6.77024E+13,In transit,120045257,4038129,354833,4,5.2,2.3,3.2,Unknown,Receiving started
6.77024E+13,In transit,120045257,4038132,354844,96,9.6,5.4,7.6,Unknown,Receiving started
6.77024E+13,In transit,120045291,5038175,324160,63,8.1,4.2,5.9,Unknown,Receiving started
6.77024E+13,In transit,120045257,4038132,354843,83,9.6,5.4,7.6,Unknown,Receiving started
6.77024E+13,In transit,120045258,4038133,354848,45,8.1,4.2,5.9,Unknown,Receiving started
6.77024E+13,In transit,120045258,4038133,354851,39,7.6,3.4,5.3,Unknown,Receiving started
6.77024E+13,In transit,120045258,4038134,354853,92,9.6,5.4,7.6,Unknown,Receiving started
6.77024E+13,In transit,120045257,4038132,354843,32,7.6,3.4,5.3,Unknown,Receiving started
6.77024E+13,In transit,120045258,4038133,354849,63,8.1,4.2,5.9,Unknown,Receiving started
6.77024E+13,In transit,120045257,4038130,354835,64,8.1,4.2,5.9,Unknown,Receiving started
6.77024E+13,In transit,120045258,4038133,354851,86,9.6,5.4,7.6,Unknown,Receiving started
6.77024E+13,In transit,120045257,4038129,354834,34,7.6,3.4,5.3,Unknown,Receiving started
6.77024E+13,In transit,120045258,4038133,354848,17,5.2,2.3,3.2,Unknown,Receiving started
6.77024E+13,In transit,120045257,4038130,354836,35,7.6,3.4,5.3,Unknown,Receiving started
6.77024E+13,In transit,120045258,4038134,354852,11,5.2,2.3,3.2,Unknown,Receiving started
6.77024E+13,In transit,120045257,4038129,354831,8,5.2,2.3,3.2,Unknown,Receiving started
6.77024E+13,In transit,120045257,4038132,354847,26,7.6,3.4,5.3,Unknown,Receiving started
6.77024E+13,In transit,120045258,4038135,354855,48,8.1,4.2,5.9,Unknown,Receiving started
6.77024E+13,In transit,120045257,4038132,354847,23,7.6,3.4,5.3,Unknown,Receiving started
6.77024E+13,In transit,120045257,4038129,354833,9,5.2,2.3,3.2,Unknown,Receiving started
6.77024E+13,In transit,120045257,4038130,354836,73,9.6,5.4,7.6,Unknown,Receiving started
6.77024E+13,In transit,120045257,4038130,354835,79,9.6,5.4,7.6,Unknown,Receiving started
6.77024E+13,In transit,120045294,5038162,324124,55,8.1,4.2,5.9,Unknown,Receiving started
6.77024E+13,In transit,120045257,4038131,354840,74,9.6,5.4,7.6,Unknown,Receiving started
6.77024E+13,In transit,120045257,4038132,354846,0,5.2,2.3,3.2,Unknown,Receiving started
6.77024E+13,In transit,120045257,4038130,354836,12,5.2,2.3,3.2,Unknown,Receiving started
6.77024E+13,In transit,120045297,5038155,324104,73,9.6,5.4,7.6,Unknown,Receiving started
6.77024E+13,In transit,120045258,4038135,354855,28,7.6,3.4,5.3,Unknown,Receiving started
6.77024E+13,In transit,120045258,4038134,354853,54,8.1,4.2,5.9,Unknown,Receiving started
6.77024E+13,In transit,120045257,4038131,354840,30,7.6,3.4,5.3,Unknown,Receiving started
6.77024E+13,In transit,120045256,4038127,354824,59,8.1,4.2,5.9,Unknown,Receiving started
6.77024E+13,In transit,120045256,4038125,354816,60,8.1,4.2,5.9,Unknown,Receiving started
6.77025E+13,In transit,120045257,4038131,354841,23,7.6,3.4,5.3,Unknown,Receiving started
6.77025E+13,In transit,120045257,4038130,354836,3,5.2,2.3,3.2,Unknown,Receiving started
6.77025E+13,In transit,120045256,4038128,354827,43,8.1,4.2,5.9,Unknown,Receiving started
6.77025E+13,In transit,120045258,4038134,354853,85,9.6,5.4,7.6,Unknown,Receiving started
6.77025E+13,In transit,120045257,4038132,354844,13,5.2,2.3,3.2,Unknown,Receiving started
6.77025E+13,In transit,120045258,4038133,354848,97,9.6,5.4,7.6,Unknown,Receiving started
6.77025E+13,In transit,120045257,4038132,354847,79,9.6,5.4,7.6,Unknown,Receiving started
6.77025E+13,In transit,120045258,4038133,354851,20,5.2,2.3,3.2,Unknown,Receiving started
6.77025E+13,In transit,120045257,4038129,354831,48,8.1,4.2,5.9,Unknown,Receiving started
6.77025E+13,In transit,120045257,4038132,354844,81,9.6,5.4,7.6,Unknown,Receiving started
6.77025E+13,In transit,120045257,4038132,354845,74,9.6,5.4,7.6,Unknown,Receiving started
6.77025E+13,In transit,120045258,4038133,354849,60,8.1,4.2,5.9,Unknown,Receiving started
6.77025E+13,In transit,120045258,4038135,354854,93,9.6,5.4,7.6,Unknown,Receiving started
6.77025E+13,In transit,120045258,4038134,354852,81,9.6,5.4,7.6,Unknown,Receiving started
6.77025E+13,In transit,120045258,4038135,354854,70,12.6,3.8,5.2,Unknown,Receiving started
6.77025E+13,In transit,120045257,4038130,354838,18,5.2,2.3,3.2,Unknown,Receiving started
6.77025E+13,In transit,120045257,4038129,354831,40,12.6,3.8,5.2,Unknown,Receiving started
6.77025E+13,In transit,120045257,4038130,354836,15,5.2,2.3,3.2,Unknown,Receiving started
6.77025E+13,In transit,120045258,4038134,354852,31,7.6,3.4,5.3,Unknown,Receiving started
6.77025E+13,In transit,120045257,4038129,354833,14,5.2,2.3,3.2,Unknown,Receiving started
6.77025E+13,In transit,120045294,5038162,324125,51,8.1,4.2,5.9,Unknown,Receiving started
6.77025E+13,In transit,120045257,4038131,354841,96,9.6,5.4,7.6,Unknown,Receiving started
6.77025E+13,In transit,120045256,4038127,354825,57,8.1,4.2,5.9,Unknown,Receiving started
6.77025E+13,In transit,120045296,5038154,354898,52,8.1,4.2,5.9,Unknown,Receiving started
6.77025E+13,In transit,120045257,4038132,354846,80,9.6,5.4,7.6,Unknown,Receiving started
6.77025E+13,In transit,120045256,4038125,354814,87,9.6,5.4,7.6,Unknown,Receiving started
6.77025E+13,In transit,120045258,4038133,354850,75,9.6,5.4,7.6,Unknown,Receiving started
6.77025E+13,In transit,120045256,4038128,354828,25,7.6,3.4,5.3,Unknown,Receiving started
6.77025E+13,In transit,120045257,4038132,354847,25,7.6,3.4,5.3,Unknown,Receiving started
6.77025E+13,In transit,120045258,4038133,354850,39,7.6,3.4,5.3,Unknown,Receiving started
6.77025E+13,In transit,120045258,4038133,354851,11,5.2,2.3,3.2,Unknown,Receiving started
6.77025E+13,In transit,120045257,4038130,354836,9,5.2,2.3,3.2,Unknown,Receiving started
6.77025E+13,In transit,120045257,4038131,354839,44,8.1,4.2,5.9,Unknown,Receiving started
6.77025E+13,In transit,120045257,4038129,354833,74,9.6,5.4,7.6,Unknown,Receiving started
6.77025E+13,In transit,120045396,5038167,324136,41,8.1,4.2,5.9,Unknown,Receiving started
6.77025E+13,In transit,120045258,4038135,354854,80,9.6,5.4,7.6,Unknown,Receiving started
6.77025E+13,In transit,120045257,4038130,354838,19,5.2,2.3,3.2,Unknown,Receiving started
6.77025E+13,In transit,120045257,4038129,354833,94,9.6,5.4,7.6,Unknown,Receiving started
6.77025E+13,In transit,120045395,5038177,324166,28,7.6,3.4,5.3,Unknown,Receiving started
6.77025E+13,In transit,120045258,4038133,354850,75,9.6,5.4,7.6,Unknown,Receiving started
6.77025E+13,In transit,120045257,4038132,354843,46,8.1,4.2,5.9,Unknown,Receiving started
6.77025E+13,In transit,120045257,4038130,354835,0,5.2,2.3,3.2,Unknown,Receiving started
6.77025E+13,In transit,120045257,4038132,354844,64,8.1,4.2,5.9,Unknown,Receiving started
6.77025E+13,In transit,120045258,4038133,354851,4,5.2,2.3,3.2,Unknown,Receiving started
6.77025E+13,In transit,120045257,4038130,354838,64,8.1,4.2,5.9,Unknown,Receiving started
6.77025E+13,In transit,120045256,4038127,354824,27,7.6,3.4,5.3,Unknown,Receiving started
6.77025E+13,In transit,120045257,4038132,354844,66,8.1,4.2,5.9,Unknown,Receiving started
6.77025E+13,In transit,120045257,4038132,354847,36,7.6,3.4,5.3,Unknown,Receiving started
6.77025E+13,In transit,120045258,4038133,354849,88,9.6,5.4,7.6,Unknown,Receiving started
6.77025E+13,In transit,120045257,4038132,354847,62,8.1,4.2,5.9,Unknown,Receiving started
6.77025E+13,In transit,120045258,4038134,354852,48,8.1,4.2,5.9,Unknown,Receiving started
6.77025E+13,In transit,120045257,4038130,354835,40,12.6,3.8,5.2,Unknown,Receiving started
6.77025E+13,In transit,120045257,4038129,354833,45,8.1,4.2,5.9,Unknown,Receiving started
6.77025E+13,In transit,120045258,4038134,354852,60,8.1,4.2,5.9,Unknown,Receiving started
6.77025E+13,In transit,120045258,4038133,354850,38,7.6,3.4,5.3,Unknown,Receiving started
6.77025E+13,In transit,120045257,4038132,354843,70,12.6,3.8,5.2,Unknown,Receiving started
6.77025E+13,In transit,120045257,4038132,354845,56,8.1,4.2,5.9,Unknown,Receiving started
6.77025E+13,In transit,120045257,4038131,354842,15,5.2,2.3,3.2,Unknown,Receiving started
6.77025E+13,In transit,120045257,4038130,354835,6,5.2,2.3,3.2,Unknown,Receiving started
6.77025E+13,In transit,120045257,4038129,354832,91,9.6,5.4,7.6,Unknown,Receiving started
6.77025E+13,In transit,120045257,4038129,354831,20,5.2,2.3,3.2,Unknown,Receiving started
6.77025E+13,In transit,120045256,4038128,354827,65,8.1,4.2,5.9,Unknown,Receiving started
6.77025E+13,In transit,120045256,4038128,354828,96,9.6,5.4,7.6,Unknown,Receiving started
6.77026E+13,In transit,120045257,4038129,354830,91,9.6,5.4,7.6,Unknown,Receiving started
6.77026E+13,In transit,120045257,4038132,354844,65,8.1,4.2,5.9,Unknown,Receiving started
6.77026E+13,In transit,120045258,4038134,354852,75,9.6,5.4,7.6,Unknown,Receiving started
6.77026E+13,In transit,120045258,4038135,354855,91,9.6,5.4,7.6,Unknown,Receiving started
6.77026E+13,In transit,120045257,4038132,354843,13,5.2,2.3,3.2,Unknown,Receiving started
6.77026E+13,In transit,120045258,4038134,354852,91,9.6,5.4,7.6,Unknown,Receiving started
6.77026E+13,In transit,120045295,5038163,324127,75,9.6,5.4,7.6,Unknown,Receiving started
6.77026E+13,In transit,120045256,4038128,354829,19,5.2,2.3,3.2,Unknown,Receiving started
6.77026E+13,In transit,120045258,4038133,354850,55,8.1,4.2,5.9,Unknown,Receiving started
6.77026E+13,In transit,120045257,4038131,354842,2,5.2,2.3,3.2,Unknown,Receiving started
6.77026E+13,In transit,120045257,4038129,354834,26,7.6,3.4,5.3,Unknown,Receiving started
6.77026E+13,In transit,120045256,4038128,354857,25,7.6,3.4,5.3,Unknown,Receiving started
6.77026E+13,In transit,120045256,4038128,354828,15,5.2,2.3,3.2,Unknown,Receiving started
6.77026E+13,In transit,120045257,4038131,354840,98,9.6,5.4,7.6,Unknown,Receiving started
6.77026E+13,In transit,120045256,4038125,354814,11,5.2,2.3,3.2,Unknown,Receiving started
6.77026E+13,In transit,120045256,4038128,354827,60,8.1,4.2,5.9,Unknown,Receiving started
6.77026E+13,In transit,120045257,4038129,354831,55,8.1,4.2,5.9,Unknown,Receiving started
6.77026E+13,In transit,120045256,4038126,354821,40,12.6,3.8,5.2,Unknown,Receiving started
6.77026E+13,In transit,120045258,4038134,354853,62,8.1,4.2,5.9,Unknown,Receiving started
6.77026E+13,In transit,120045257,4038129,354832,40,12.6,3.8,5.2,Unknown,Receiving started
6.77026E+13,In transit,120045257,4038131,354842,49,8.1,4.2,5.9,Unknown,Receiving started
6.77026E+13,In transit,120045258,4038133,354848,53,8.1,4.2,5.9,Unknown,Receiving started
6.77026E+13,In transit,120045257,4038132,354843,46,8.1,4.2,5.9,Unknown,Receiving started
6.77026E+13,In transit,120045258,4038133,354849,52,8.1,4.2,5.9,Unknown,Receiving started
6.77026E+13,In transit,120045258,4038133,354851,46,8.1,4.2,5.9,Unknown,Receiving started
6.77026E+13,In transit,120045257,4038132,354846,78,9.6,5.4,7.6,Unknown,Receiving started
6.77026E+13,In transit,120045296,5038154,354100,50,8.1,4.2,5.9,Unknown,Receiving started
6.77026E+13,In transit,120045257,4038131,354842,89,9.6,5.4,7.6,Unknown,Receiving started
6.77026E+13,In transit,120045257,4038131,354842,68,8.1,4.2,5.9,Unknown,Receiving started
6.77026E+13,In transit,120045258,4038133,354849,91,9.6,5.4,7.6,Unknown,Receiving started
6.77026E+13,In transit,120045258,4038133,354850,87,9.6,5.4,7.6,Unknown,Receiving started
6.77026E+13,In transit,120045257,4038129,354831,93,9.6,5.4,7.6,Unknown,Receiving started
6.77026E+13,In transit,120045257,4038130,354838,40,12.6,3.8,5.2,Unknown,Receiving started
6.77026E+13,In transit,120045258,4038134,354853,41,8.1,4.2,5.9,Unknown,Receiving started
6.77026E+13,In transit,120045257,4038129,354833,9,5.2,2.3,3.2,Unknown,Receiving started
6.77026E+13,In transit,120045258,4038135,354854,68,8.1,4.2,5.9,Unknown,Receiving started
6.77026E+13,In transit,120045258,4038135,354855,34,7.6,3.4,5.3,Unknown,Receiving started
6.77026E+13,In transit,120045257,4038129,354831,94,9.6,5.4,7.6,Unknown,Receiving started
6.77026E+13,In transit,120045257,4038132,354845,80,9.6,5.4,7.6,Unknown,Receiving started
6.77026E+13,In transit,120045258,4038133,354849,29,7.6,3.4,5.3,Unknown,Receiving started
6.77026E+13,In transit,120045258,4038133,354850,51,8.1,4.2,5.9,Unknown,Receiving started
6.77026E+13,In transit,120045257,4038129,354832,60,8.1,4.2,5.9,Unknown,Receiving started
6.77026E+13,In transit,120045257,4038129,354831,61,8.1,4.2,5.9,Unknown,Receiving started
6.77026E+13,In transit,120045258,4038133,354849,81,9.6,5.4,7.6,Unknown,Receiving started
6.77026E+13,In transit,120045257,4038129,354830,51,8.1,4.2,5.9,Unknown,Receiving started
6.77026E+13,In transit,120045258,4038135,354855,38,7.6,3.4,5.3,Unknown,Receiving started
6.77026E+13,In transit,120045257,4038131,354839,25,7.6,3.4,5.3,Unknown,Receiving started
6.77026E+13,In transit,120045257,4038131,354839,56,8.1,4.2,5.9,Unknown,Receiving started
6.77026E+13,In transit,120045257,4038129,354833,35,7.6,3.4,5.3,Unknown,Receiving started
6.77026E+13,In transit,120045257,4038132,354843,10,5.2,2.3,3.2,Unknown,Receiving started
6.77026E+13,In transit,120045257,4038129,354833,59,8.1,4.2,5.9,Unknown,Receiving started
6.77026E+13,In transit,120045258,4038135,354855,85,9.6,5.4,7.6,Unknown,Receiving started
6.77026E+13,In transit,120045258,4038133,354851,50,8.1,4.2,5.9,Unknown,Receiving started
6.77026E+13,In transit,120045291,5038175,324160,23,7.6,3.4,5.3,Unknown,Receiving started
6.77026E+13,In transit,120045258,4038134,354852,89,9.6,5.4,7.6,Unknown,Receiving started
6.77026E+13,In transit,120045257,4038129,354831,22,7.6,3.4,5.3,Unknown,Receiving started
6.77026E+13,In transit,120045258,4038133,354848,13,5.2,2.3,3.2,Unknown,Receiving started
6.77026E+13,In transit,120045297,5038155,324102,12,5.2,2.3,3.2,Unknown,Receiving started
6.77026E+13,In transit,120045258,4038133,354850,16,5.2,2.3,3.2,Unknown,Receiving started
6.77026E+13,In transit,120045291,5038175,324158,44,8.1,4.2,5.9,Unknown,Receiving started
6.77026E+13,In transit,120045257,4038132,354847,46,8.1,4.2,5.9,Unknown,Receiving started
6.77026E+13,In transit,120045258,4038134,354852,88,9.6,5.4,7.6,Unknown,Receiving started
6.77027E+13,In transit,120045257,4038131,354840,87,9.6,5.4,7.6,Unknown,Receiving started
6.77027E+13,In transit,120045256,4038125,354814,77,9.6,5.4,7.6,Unknown,Receiving started
6.77027E+13,In transit,120045256,4038128,354826,45,8.1,4.2,5.9,Unknown,Receiving started
6.77027E+13,In transit,120045258,4038133,354851,91,9.6,5.4,7.6,Unknown,Receiving started
6.77027E+13,In transit,120045257,4038129,354833,26,7.6,3.4,5.3,Unknown,Receiving started
6.77027E+13,In transit,120045257,4038132,354845,81,9.6,5.4,7.6,Unknown,Receiving started
6.77027E+13,In transit,120045256,4038125,354814,71,9.6,5.4,7.6,Unknown,Receiving started
6.77027E+13,In transit,120045257,4038130,354836,17,5.2,2.3,3.2,Unknown,Receiving started
6.77027E+13,In transit,120045256,4038125,354817,46,8.1,4.2,5.9,Unknown,Receiving started
6.77027E+13,In transit,120045258,4038133,354851,18,5.2,2.3,3.2,Unknown,Receiving started
6.77027E+13,In transit,120045258,4038133,354851,76,9.6,5.4,7.6,Unknown,Receiving started
6.77027E+13,In transit,120045257,4038130,354835,77,9.6,5.4,7.6,Unknown,Receiving started
6.77027E+13,In transit,120045256,4038125,354817,50,8.1,4.2,5.9,Unknown,Receiving started
6.77027E+13,In transit,120045257,4038130,354838,36,7.6,3.4,5.3,Unknown,Receiving started
6.77027E+13,In transit,120045256,4038125,354815,3,5.2,2.3,3.2,Unknown,Receiving started
6.77027E+13,In transit,120045256,4038125,354814,87,9.6,5.4,7.6,Unknown,Receiving started
6.77027E+13,In transit,120045258,4038133,354848,12,5.2,2.3,3.2,Unknown,Receiving started
6.77027E+13,In transit,120045296,5038154,354899,71,9.6,5.4,7.6,Unknown,Receiving started
6.77027E+13,In transit,120045256,4038128,354826,2,5.2,2.3,3.2,Unknown,Receiving started
6.77027E+13,In transit,120045257,4038129,354831,35,7.6,3.4,5.3,Unknown,Receiving started
6.77027E+13,In transit,120045256,4038128,354857,79,9.6,5.4,7.6,Unknown,Receiving started
6.77027E+13,In transit,120045257,4038132,354845,88,9.6,5.4,7.6,Unknown,Receiving started
6.77027E+13,In transit,120045257,4038132,354844,6,5.2,2.3,3.2,Unknown,Receiving started
6.77027E+13,In transit,120045257,4038129,354834,80,9.6,5.4,7.6,Unknown,Receiving started
6.77027E+13,In transit,120045258,4038133,354849,6,5.2,2.3,3.2,Unknown,Receiving started
6.77027E+13,In transit,120045258,4038133,354851,25,7.6,3.4,5.3,Unknown,Receiving started
6.77027E+13,In transit,120045257,4038130,354837,75,9.6,5.4,7.6,Unknown,Receiving started
6.77027E+13,In transit,120045258,4038135,354855,8,5.2,2.3,3.2,Unknown,Receiving started
6.77027E+13,In transit,120045295,5038163,324128,30,7.6,3.4,5.3,Unknown,Receiving started
6.77027E+13,In transit,120045257,4038131,354839,3,5.2,2.3,3.2,Unknown,Receiving started
6.77027E+13,In transit,120045257,4038131,354842,49,8.1,4.2,5.9,Unknown,Receiving started
6.77027E+13,In transit,120045295,5038163,324128,10,5.2,2.3,3.2,Unknown,Receiving started
6.77027E+13,In transit,120045258,4038135,354854,69,8.1,4.2,5.9,Unknown,Receiving started
6.77027E+13,In transit,120045257,4038130,354835,64,8.1,4.2,5.9,Unknown,Receiving started
6.77027E+13,In transit,120045257,4038132,354843,82,9.6,5.4,7.6,Unknown,Receiving started
6.77027E+13,In transit,120045257,4038130,354835,61,8.1,4.2,5.9,Unknown,Receiving started
6.77027E+13,In transit,120045257,4038131,354842,24,7.6,3.4,5.3,Unknown,Receiving started
6.77027E+13,In transit,120045257,4038130,354836,93,9.6,5.4,7.6,Unknown,Receiving started
6.77027E+13,In transit,120045258,4038135,354855,83,9.6,5.4,7.6,Unknown,Receiving started
6.77027E+13,In transit,120045257,4038131,354839,92,9.6,5.4,7.6,Unknown,Receiving started
6.77027E+13,In transit,120045257,4038129,354833,33,7.6,3.4,5.3,Unknown,Receiving started
6.77027E+13,In transit,120045257,4038129,354830,87,9.6,5.4,7.6,Unknown,Receiving started
6.77027E+13,In transit,120045258,4038133,354849,36,7.6,3.4,5.3,Unknown,Receiving started
6.77027E+13,In transit,120045297,5038155,324101,60,8.1,4.2,5.9,Unknown,Receiving started
6.77027E+13,In transit,120045295,5038163,324128,8,5.2,2.3,3.2,Unknown,Receiving started
6.77027E+13,In transit,120045294,5038162,324125,23,7.6,3.4,5.3,Unknown,Receiving started
6.77027E+13,In transit,120045257,4038129,354834,7,5.2,2.3,3.2,Unknown,Receiving started
6.77027E+13,In transit,120045296,5038154,354898,17,5.2,2.3,3.2,Unknown,Receiving started
6.77027E+13,In transit,120045257,4038130,354837,91,9.6,5.4,7.6,Unknown,Receiving started
6.77027E+13,In transit,120045258,4038133,354850,80,9.6,5.4,7.6,Unknown,Receiving started
6.77027E+13,In transit,120045258,4038133,354850,76,9.6,5.4,7.6,Unknown,Receiving started
6.77027E+13,In transit,120045258,4038133,354849,38,7.6,3.4,5.3,Unknown,Receiving started
6.77027E+13,In transit,120045257,4038131,354841,26,7.6,3.4,5.3,Unknown,Receiving started
6.77027E+13,In transit,120045257,4038130,354835,15,5.2,2.3,3.2,Unknown,Receiving started
6.77027E+13,In transit,120045257,4038132,354844,56,8.1,4.2,5.9,Unknown,Receiving started
6.77027E+13,In transit,120045257,4038129,354832,37,7.6,3.4,5.3,Unknown,Receiving started
6.77027E+13,In transit,120045258,4038133,354848,32,7.6,3.4,5.3,Unknown,Receiving started
6.77027E+13,In transit,120045257,4038129,354834,86,9.6,5.4,7.6,Unknown,Receiving started
6.77027E+13,In transit,120045296,5038154,354899,4,5.2,2.3,3.2,Unknown,Receiving started
6.77027E+13,In transit,120045257,4038130,354837,93,9.6,5.4,7.6,Unknown,Receiving started
6.77027E+13,In transit,120045257,4038132,354845,8,5.2,2.3,3.2,Unknown,Receiving started
6.77028E+13,In transit,120045257,4038132,354845,69,8.1,4.2,5.9,Unknown,Receiving started
6.77028E+13,In transit,120045257,4038130,354836,28,7.6,3.4,5.3,Unknown,Receiving started
6.77028E+13,In transit,120045257,4038131,354841,5,5.2,2.3,3.2,Unknown,Receiving started
6.77028E+13,In transit,120045297,5038155,324101,45,8.1,4.2,5.9,Unknown,Receiving started
6.77028E+13,In transit,120045257,4038129,354831,33,7.6,3.4,5.3,Unknown,Receiving started
6.77028E+13,In transit,120045257,4038131,354840,26,7.6,3.4,5.3,Unknown,Receiving started
6.77028E+13,In transit,120045257,4038129,354832,31,7.6,3.4,5.3,Unknown,Receiving started
6.77028E+13,In transit,120045257,4038130,354836,81,9.6,5.4,7.6,Unknown,Receiving started
6.77028E+13,In transit,120045257,4038132,354844,61,8.1,4.2,5.9,Unknown,Receiving started
6.77028E+13,In transit,120045257,4038132,354843,29,7.6,3.4,5.3,Unknown,Receiving started
6.77028E+13,In transit,120045291,5038175,324159,91,9.6,5.4,7.6,Unknown,Receiving started
6.77028E+13,In transit,120045257,4038131,354839,84,9.6,5.4,7.6,Unknown,Receiving started
6.77028E+13,In transit,120045258,4038133,354849,91,9.6,5.4,7.6,Unknown,Receiving started
6.77028E+13,In transit,120045257,4038130,354838,41,8.1,4.2,5.9,Unknown,Receiving started
6.77028E+13,In transit,120045258,4038133,354851,85,9.6,5.4,7.6,Unknown,Receiving started
6.77028E+13,In transit,120045257,4038129,354833,99,9.6,5.4,7.6,Unknown,Receiving started
6.77028E+13,In transit,120045257,4038131,354839,63,8.1,4.2,5.9,Unknown,Receiving started
6.77028E+13,In transit,120045258,4038135,354855,58,8.1,4.2,5.9,Unknown,Receiving started
6.77028E+13,In transit,120045257,4038132,354843,47,8.1,4.2,5.9,Unknown,Receiving started
6.77028E+13,In transit,120045258,4038134,354852,62,8.1,4.2,5.9,Unknown,Receiving started
6.77028E+13,In transit,120045257,4038130,354836,47,8.1,4.2,5.9,Unknown,Receiving started
6.77028E+13,In transit,120045258,4038134,354853,32,7.6,3.4,5.3,Unknown,Receiving started
6.77028E+13,In transit,120045257,4038132,354847,8,5.2,2.3,3.2,Unknown,Receiving started
6.77028E+13,In transit,120045258,4038135,354855,77,9.6,5.4,7.6,Unknown,Receiving started
6.77028E+13,In transit,120045257,4038129,354832,46,8.1,4.2,5.9,Unknown,Receiving started
6.77028E+13,In transit,120045258,4038133,354850,20,5.2,2.3,3.2,Unknown,Receiving started
6.77028E+13,In transit,120045291,5038175,324161,2,5.2,2.3,3.2,Unknown,Receiving started
6.77028E+13,In transit,120045257,4038132,354844,4,5.2,2.3,3.2,Unknown,Receiving started
6.77028E+13,In transit,120045257,4038131,354839,27,7.6,3.4,5.3,Unknown,Receiving started
6.77028E+13,In transit,120045258,4038133,354848,29,7.6,3.4,5.3,Unknown,Receiving started
6.77028E+13,In transit,120045257,4038130,354838,12,5.2,2.3,3.2,Unknown,Receiving started
6.77028E+13,In transit,120045258,4038133,354850,67,8.1,4.2,5.9,Unknown,Receiving started
6.77028E+13,In transit,120045258,4038133,354848,9,5.2,2.3,3.2,Unknown,Receiving started
6.77028E+13,In transit,120045258,4038133,354848,39,7.6,3.4,5.3,Unknown,Receiving started
6.77028E+13,In transit,120045257,4038129,354833,26,7.6,3.4,5.3,Unknown,Receiving started
6.77028E+13,In transit,120045257,4038132,354845,29,7.6,3.4,5.3,Unknown,Receiving started
6.77028E+13,In transit,120045258,4038135,354854,5,5.2,2.3,3.2,Unknown,Receiving started
6.77028E+13,In transit,120045257,4038129,354831,77,9.6,5.4,7.6,Unknown,Receiving started
6.77028E+13,In transit,120045258,4038135,354855,35,7.6,3.4,5.3,Unknown,Receiving started
6.77028E+13,In transit,120045257,4038129,354833,55,8.1,4.2,5.9,Unknown,Receiving started
6.77028E+13,In transit,120045258,4038133,354850,64,8.1,4.2,5.9,Unknown,Receiving started
6.77028E+13,In transit,120045258,4038135,354854,65,8.1,4.2,5.9,Unknown,Receiving started
6.77028E+13,In transit,120045257,4038129,354833,36,7.6,3.4,5.3,Unknown,Receiving started
6.77028E+13,In transit,120045257,4038130,354838,22,7.6,3.4,5.3,Unknown,Receiving started
6.77028E+13,In transit,120045297,5038155,324101,72,9.6,5.4,7.6,Unknown,Receiving started
6.77028E+13,In transit,120045258,4038133,354851,17,5.2,2.3,3.2,Unknown,Receiving started
6.77028E+13,In transit,120045257,4038131,354840,56,8.1,4.2,5.9,Unknown,Receiving started
6.77028E+13,In transit,120045257,4038131,354842,30,7.6,3.4,5.3,Unknown,Receiving started
6.77028E+13,In transit,120045257,4038132,354847,16,5.2,2.3,3.2,Unknown,Receiving started
6.77028E+13,In transit,120045258,4038133,354850,66,8.1,4.2,5.9,Unknown,Receiving started
6.77028E+13,In transit,120045258,4038133,354850,69,8.1,4.2,5.9,Unknown,Receiving started
6.77028E+13,In transit,120045395,5038177,324166,13,5.2,2.3,3.2,Unknown,Receiving started
6.77028E+13,In transit,120045258,4038133,354849,33,7.6,3.4,5.3,Unknown,Receiving started
6.77028E+13,In transit,120045295,5038163,324128,68,8.1,4.2,5.9,Unknown,Receiving started
6.77028E+13,In transit,120045257,4038132,354845,88,9.6,5.4,7.6,Unknown,Receiving started
6.77028E+13,In transit,120045257,4038131,354840,69,8.1,4.2,5.9,Unknown,Receiving started
6.77028E+13,In transit,120045397,5038166,324134,19,5.2,2.3,3.2,Unknown,Receiving started
6.77028E+13,In transit,120045257,4038129,354830,74,9.6,5.4,7.6,Unknown,Receiving started
6.77028E+13,In transit,120045258,4038133,354849,7,5.2,2.3,3.2,Unknown,Receiving started
6.77029E+13,In transit,120045258,4038133,354848,65,8.1,4.2,5.9,Unknown,Receiving started
6.77029E+13,In transit,120045257,4038130,354835,23,7.6,3.4,5.3,Unknown,Receiving started
6.77029E+13,In transit,120045258,4038134,354853,12,5.2,2.3,3.2,Unknown,Receiving started
6.77029E+13,In transit,120045257,4038129,354833,20,5.2,2.3,3.2,Unknown,Receiving started
6.77029E+13,In transit,120045257,4038132,354843,8,5.2,2.3,3.2,Unknown,Receiving started
6.77029E+13,In transit,120045257,4038129,354832,60,8.1,4.2,5.9,Unknown,Receiving started
6.77029E+13,In transit,120045257,4038130,354838,17,5.2,2.3,3.2,Unknown,Receiving started
6.77029E+13,In transit,120045257,4038129,354832,40,12.6,3.8,5.2,Unknown,Receiving started
6.77029E+13,In transit,120045257,4038132,354844,56,8.1,4.2,5.9,Unknown,Receiving started
6.77029E+13,In transit,120045257,4038129,354832,91,9.6,5.4,7.6,Unknown,Receiving started
6.77029E+13,In transit,120045258,4038135,354854,15,5.2,2.3,3.2,Unknown,Receiving started
6.77029E+13,In transit,120045257,4038129,354834,71,9.6,5.4,7.6,Unknown,Receiving started
6.77029E+13,In transit,120045258,4038133,354849,64,8.1,4.2,5.9,Unknown,Receiving started
6.77029E+13,In transit,120045257,4038131,354839,57,8.1,4.2,5.9,Unknown,Receiving started
6.77029E+13,In transit,120045258,4038134,354852,17,5.2,2.3,3.2,Unknown,Receiving started
6.77029E+13,In transit,120045257,4038131,354841,79,9.6,5.4,7.6,Unknown,Receiving started
6.77029E+13,In transit,120045257,4038130,354838,81,9.6,5.4,7.6,Unknown,Receiving started
6.77029E+13,In transit,120045258,4038133,354850,78,9.6,5.4,7.6,Unknown,Receiving started
6.77029E+13,In transit,120045257,4038129,354832,3,5.2,2.3,3.2,Unknown,Receiving started
6.77029E+13,In transit,120045396,5038167,324135,83,9.6,5.4,7.6,Unknown,Receiving started
6.77029E+13,In transit,120045257,4038130,354835,74,9.6,5.4,7.6,Unknown,Receiving started
6.77029E+13,In transit,120045257,4038130,354838,27,7.6,3.4,5.3,Unknown,Receiving started
6.77029E+13,In transit,120045257,4038132,354845,19,5.2,2.3,3.2,Unknown,Receiving started
6.77029E+13,In transit,120045257,4038132,354844,67,8.1,4.2,5.9,Unknown,Receiving started
6.77029E+13,In transit,120045257,4038131,354841,82,9.6,5.4,7.6,Unknown,Receiving started
6.77029E+13,In transit,120045258,4038135,354854,78,9.6,5.4,7.6,Unknown,Receiving started
6.77029E+13,In transit,120045395,5038177,324165,40,12.6,3.8,5.2,Unknown,Receiving started
6.77029E+13,In transit,120045257,4038130,354837,79,9.6,5.4,7.6,Unknown,Receiving started
6.77029E+13,In transit,120045257,4038129,354831,88,9.6,5.4,7.6,Unknown,Receiving started
6.77029E+13,In transit,120045396,5038167,324135,76,9.6,5.4,7.6,Unknown,Receiving started
6.77029E+13,In transit,120045257,4038131,354840,22,7.6,3.4,5.3,Unknown,Receiving started
6.77029E+13,In transit,120045258,4038133,354849,8,5.2,2.3,3.2,Unknown,Receiving started
6.77029E+13,In transit,120045257,4038130,354838,62,8.1,4.2,5.9,Unknown,Receiving started
6.77029E+13,In transit,120045258,4038133,354851,0,5.2,2.3,3.2,Unknown,Receiving started
6.77029E+13,In transit,120045257,4038129,354830,72,9.6,5.4,7.6,Unknown,Receiving started
6.77029E+13,In transit,120045258,4038133,354848,87,9.6,5.4,7.6,Unknown,Receiving started
6.77029E+13,In transit,120045257,4038129,354831,29,7.6,3.4,5.3,Unknown,Receiving started
6.77029E+13,In transit,120045392,5038173,324152,63,8.1,4.2,5.9,Unknown,Receiving started
6.77029E+13,In transit,120045257,4038129,354832,50,8.1,4.2,5.9,Unknown,Receiving started
6.77029E+13,In transit,120045258,4038133,354851,48,8.1,4.2,5.9,Unknown,Receiving started
6.77029E+13,In transit,120045257,4038129,354830,3,5.2,2.3,3.2,Unknown,Receiving started
6.77029E+13,In transit,120045258,4038133,354848,47,8.1,4.2,5.9,Unknown,Receiving started
6.77029E+13,In transit,120045257,4038132,354844,81,9.6,5.4,7.6,Unknown,Receiving started
6.77029E+13,In transit,120045258,4038133,354848,89,9.6,5.4,7.6,Unknown,Receiving started
6.77029E+13,In transit,120045257,4038132,354846,59,8.1,4.2,5.9,Unknown,Receiving started
6.77029E+13,In transit,120045294,5038162,324123,93,9.6,5.4,7.6,Unknown,Receiving started
6.77029E+13,In transit,120045297,5038155,324104,3,5.2,2.3,3.2,Unknown,Receiving started
6.77029E+13,In transit,120045258,4038133,354851,49,8.1,4.2,5.9,Unknown,Receiving started
6.77029E+13,In transit,120045257,4038131,354839,22,7.6,3.4,5.3,Unknown,Receiving started
6.77029E+13,In transit,120045257,4038131,354839,30,7.6,3.4,5.3,Unknown,Receiving started
6.77029E+13,In transit,120045258,4038135,354855,19,5.2,2.3,3.2,Unknown,Receiving started
6.77029E+13,In transit,120045396,5038167,324135,26,7.6,3.4,5.3,Unknown,Receiving started
6.77029E+13,In transit,120045257,4038131,354839,65,8.1,4.2,5.9,Unknown,Receiving started
6.77029E+13,In transit,120045258,4038133,354851,96,9.6,5.4,7.6,Unknown,Receiving started
6.77029E+13,In transit,120045258,4038134,354853,76,9.6,5.4,7.6,Unknown,Receiving started
6.77029E+13,In transit,120045257,4038131,354840,65,8.1,4.2,5.9,Unknown,Receiving started
6.77029E+13,In transit,120045257,4038130,354838,93,9.6,5.4,7.6,Unknown,Receiving started
6.77029E+13,In transit,120045258,4038133,354849,10,5.2,2.3,3.2,Unknown,Receiving started
6.77029E+13,In transit,120045258,4038134,354853,15,5.2,2.3,3.2,Unknown,Receiving started
6.77029E+13,In transit,120045257,4038132,354843,31,7.6,3.4,5.3,Unknown,Receiving started
6.77029E+13,In transit,120045257,4038131,354842,85,9.6,5.4,7.6,Unknown,Receiving started
6.77029E+13,In transit,120045257,4038132,354844,9,5.2,2.3,3.2,Unknown,Receiving started
6.77029E+13,In transit,120045257,4038132,354844,2,5.2,2.3,3.2,Unknown,Receiving started
6.77029E+13,In transit,120045258,4038133,354848,79,9.6,5.4,7.6,Unknown,Receiving started
6.77029E+13,In transit,120045257,4038132,354847,96,9.6,5.4,7.6,Unknown,Receiving started
6.77029E+13,In transit,120045257,4038131,354841,15,5.2,2.3,3.2,Unknown,Receiving started
6.77029E+13,In transit,120045257,4038130,354835,78,9.6,5.4,7.6,Unknown,Receiving started
6.77029E+13,In transit,120045257,4038129,354830,20,5.2,2.3,3.2,Unknown,Receiving started
6.77029E+13,In transit,120045257,4038130,354837,23,7.6,3.4,5.3,Unknown,Receiving started
6.77029E+13,In transit,120045257,4038132,354846,56,8.1,4.2,5.9,Unknown,Receiving started
6.77029E+13,In transit,120045297,5038155,324102,72,9.6,5.4,7.6,Unknown,Receiving started
6.7703E+13,In transit,120045297,5038155,324104,15,5.2,2.3,3.2,Unknown,Receiving started
6.7703E+13,In transit,120045257,4038132,354847,74,9.6,5.4,7.6,Unknown,Receiving started
6.7703E+13,In transit,120045257,4038132,354843,25,7.6,3.4,5.3,Unknown,Receiving started
6.7703E+13,In transit,120045257,4038130,354837,79,9.6,5.4,7.6,Unknown,Receiving started
6.7703E+13,In transit,120045257,4038130,354837,63,8.1,4.2,5.9,Unknown,Receiving started
6.7703E+13,In transit,120045258,4038133,354850,47,8.1,4.2,5.9,Unknown,Receiving started
6.7703E+13,In transit,120045257,4038129,354831,99,9.6,5.4,7.6,Unknown,Receiving started
6.7703E+13,In transit,120045257,4038132,354845,20,5.2,2.3,3.2,Unknown,Receiving started
6.7703E+13,In transit,120045257,4038131,354842,37,7.6,3.4,5.3,Unknown,Receiving started
6.7703E+13,In transit,120045257,4038129,354830,66,8.1,4.2,5.9,Unknown,Receiving started
6.7703E+13,In transit,120045258,4038133,354848,22,7.6,3.4,5.3,Unknown,Receiving started
6.7703E+13,In transit,120045297,5038155,324101,85,9.6,5.4,7.6,Unknown,Receiving started
6.7703E+13,In transit,120045257,4038131,354839,13,5.2,2.3,3.2,Unknown,Receiving started
6.7703E+13,In transit,120045257,4038129,354830,16,5.2,2.3,3.2,Unknown,Receiving started
6.7703E+13,In transit,120045257,4038131,354839,74,9.6,5.4,7.6,Unknown,Receiving started
